Name,City,Country,Phone #,Status
Portátiles Altamira,Managua,Nicaragua,50583515439,Sent
Innova Ventas,Managua,Nicaragua,50584359654,Sent
Mundo Laptop,Managua,Nicaragua,50583229183,
Computachiong,Managua,Nicaragua,50584862311,
Laptop Services,Managua,Nicaragua,50586342616,
Pc Nic Store,Managua,Nicaragua,50587683130,
El Gringo Loco,Managua,Nicaragua,50585213506,
Taller De Refrigeración Agustín Gutiérrez,Granada,Nicaragua,50588813819,
Servicios Industriales De Refrigeración Y Electromecánica,Granada,Nicaragua,50589879425,
Punto Frio Granada,Granada,Nicaragua,50576524335,
Taller De Refrigeración Roberto Galo,Granada,Nicaragua,50588878771,
Nb Technology,Tipitapa,Nicaragua,50575456251,
Tienda Tipicel,Tipitapa,Nicaragua,50583666685,
Celulares Mac,Tipitapa,Nicaragua,50583273755,
World Gym Granada,Granada,Nicaragua,50578125937,
Gimnasio Miryam,Granada,Nicaragua,50588174723,
La Fitness,Granada,Nicaragua,50558733999,
Taller Eléctrico Automotriz Jimenez,Masaya,Nicaragua,50575369276,
Taller Electrico Automotriz Calero Jim,Masaya,Nicaragua,50578889891,
Portátiles,León,Nicaragua,50583515439,
Tecno Pro,León,Nicaragua,50557338263,
Taller Del Maestro Pc,León,Nicaragua,50589421013,
Universal Computers León,León,Nicaragua,50558869081,
Galaxia Movil,León,Nicaragua,50557727071,
Pcdiaz,León,Nicaragua,50586133609,
Playhard,León,Nicaragua,50584366624,
Soltecomp,León,Nicaragua,50586682389,
Laptop Rizos,León,Nicaragua,50575366141,
Clínica De Ortodoncia,Estelí,Nicaragua,50588332765,
Centro Dental Del Norte,Estelí,Nicaragua,50589077526,
Clínica Dental Rivera,Estelí,Nicaragua,50578140680,
Altamira Dental Estelí,Estelí,Nicaragua,50555042910,
Clinica Prodentix Oral Center,Estelí,Nicaragua,50586101217,
Clínica Dental Divino Niño,Estelí,Nicaragua,50586428183,
Clinica Dental La Muelita,Estelí,Nicaragua,50588312720,
Clinica Dental Sinaí,Estelí,Nicaragua,50588282656,Skipped
Clínica Dental Dra Katherine M Flores Osorio,Estelí,Nicaragua,50582172382,
Reball Fix Center,Granada,Nicaragua,50584632474,
Zontech,Granada,Nicaragua,50577933877,Skipped
Newtech,Granada,Nicaragua,50589477455,
Repuesto Sarmiento,Masaya,Nicaragua,50588884701,
Servicentro El Pacifico,Masaya,Nicaragua,50582720029,
S&m Auto Repuestos,Masaya,Nicaragua,50589677861,
Orthodental Masaya,Masaya,Nicaragua,50576162740,
Clinica Odontológica Dentrex,Masaya,Nicaragua,50588256870,
Clínica Dental Pediátrica,Masaya,Nicaragua,50583863175,
Clinica Dental Quintanilla,Masaya,Nicaragua,50588620564,
Clinica Dental Bella Sonrisa,Masaya,Nicaragua,50586534621,
Dental Más,Masaya,Nicaragua,50557835075,
Clinica Dental Montserrat,Masaya,Nicaragua,50558867345,
Dental Solutions Gonroch,Masaya,Nicaragua,50583859512,
Alfa Dental,Masaya,Nicaragua,50583770212,
Clinica Odontologica Santa Clara,Masaya,Nicaragua,50588462350,
Clínica Dental Cortez,Masaya,Nicaragua,50575200087,
Saludent,Masaya,Nicaragua,50582270448,
Clínica Dental Solorzano Valle,Masaya,Nicaragua,50558227116,Skipped
Nicadent Casa Matriz,Masaya,Nicaragua,50586791876,Skipped
Sonrisas Brillantes Clinica Dental,Masaya,Nicaragua,50581746478,
Top Dental,Masaya,Nicaragua,50584606977,
Repuestos González Esteli,Estelí,Nicaragua,50584255041,
Moto Repuestos Tercero,Estelí,Nicaragua,50586035013,
Comercial 2m,Estelí,Nicaragua,50589283418,
Techparts Esteli,Estelí,Nicaragua,50583697896,
Importadora Rugama,Estelí,Nicaragua,50589128878,
Audio Lujos Car,Estelí,Nicaragua,50588526357,
Autolote Del Norte,Estelí,Nicaragua,50587226674,
Md Suministros,León,Nicaragua,50577470259,
Ferreteria Lisseth,León,Nicaragua,50584734233,
Electrocomponentes Leon,León,Nicaragua,50582057048,
Materiales Eléctricos Morales,León,Nicaragua,50588816109,
M&r Artículos Médicos,Managua,Nicaragua,50558315221,
Repuestos Connor,León,Nicaragua,50578267235,
Repuestos Automotrices Shalom,León,Nicaragua,50581619051,
Servicios Y Repuestos Automotrices Santo Domingo,León,Nicaragua,50583229876,Skipped
Desarme Y Taller Automotriz El Maestro,León,Nicaragua,50577052291,
Clínica Veterinaria Ean,León,Nicaragua,50588994202,
Respuestas Veterinarias,León,Nicaragua,50578251822,
Veterinaria Saenz,León,Nicaragua,50588517968,
Veterinaria Bienestar Animal,León,Nicaragua,50557177850,
Centro Veterinario El Ganadero,León,Nicaragua,50557071642,Skipped
Clínica Veterinaria Animal Space,León,Nicaragua,50557185418,Skipped
Veterinaria Amigo Fiel,León,Nicaragua,50557042248,Skipped
Veterinaria Ibi Vet,León,Nicaragua,50585896622,
Clinica Veterinaria Leon Oeste,León,Nicaragua,50585537724,Skipped
Veterinaria El Rodeo,León,Nicaragua,50589027695,Skipped
Agro Veterinaria La Ternera,León,Nicaragua,50585309740,
Fluffy Pets Belleza Y Salud,León,Nicaragua,50586971271,
Veterinaria Ponces,León,Nicaragua,50557315369,
Vaterinaria La Fé,León,Nicaragua,50586287117,Skipped
Veterinaria Dpr,León,Nicaragua,50586456019,
Agro Veterinaria Midence,León,Nicaragua,50584565200,Skipped
Aprovet,León,Nicaragua,50583680592,
Veterinaria Bms,León,Nicaragua,50583355168,
Veterinaria Clinimar,León,Nicaragua,50583254292,
Animalword,León,Nicaragua,50584559600,
Pc Raps,Tipitapa,Nicaragua,50578454909,
Soluciones Kenp Tech,Tipitapa,Nicaragua,50588566863,
Super Desarme Automotriz,Managua,Nicaragua,50557289502,
Repuestos Ezequiel Morales,Managua,Nicaragua,50582402996,Skipped
Lubricantes El Cambio,Managua,Nicaragua,50588563212,Skipped
Repuestos Medinas,Managua,Nicaragua,50589880115,
Imperio Racing Cars,Managua,Nicaragua,50587962965,
Bicicleta Y Repuestos,Managua,Nicaragua,50588894048,
Repuestazo,Managua,Nicaragua,50588394245,
Autolote Usa2 Managua,Managua,Nicaragua,50582498633,
Venta De Repuestos Manuel Robleto,Managua,Nicaragua,50588983014,Skipped
Repuestos Y Accesorios Daniel,Managua,Nicaragua,50588837825,
Desarme Automotriz,Managua,Nicaragua,50587225898,
Autolote El Eden,Managua,Nicaragua,50588744113,
Fauna Clinica Veterinaria,Estelí,Nicaragua,50587292013,
Veterinaria Las Mascotas,Estelí,Nicaragua,50588357850,
Centro Médico Veterinario,Estelí,Nicaragua,50586438989,
Veterinaria San Francisco De Asís,Estelí,Nicaragua,50584418654,
Veterinaria El Arca,Estelí,Nicaragua,50558722851,
Agroveterinaria San Isidro Labrador,Estelí,Nicaragua,50585320356,
Clínica Veterinaria Petlovers,Estelí,Nicaragua,50584037547,
Veterinaria Casa Animal,Estelí,Nicaragua,50557997981,
Veterinaria El Ganadero,Estelí,Nicaragua,50576029028,Skipped
Vetnorte,Estelí,Nicaragua,50557244423,
Nucleovet Estelí,Estelí,Nicaragua,50581626863,
Veterinaria X Mascot,Estelí,Nicaragua,50589137114,
Pet House,Estelí,Nicaragua,50589242703,
Veterinaria Vet Salud Clinic,Estelí,Nicaragua,50582235107,
Veterinaria Galarza - Purina Estelí,Estelí,Nicaragua,50585208713,
Pet Grooming Center Estelí,Estelí,Nicaragua,50588582699,
Mascoshop,Estelí,Nicaragua,50588208241,
Huellitas Consentidas,Estelí,Nicaragua,50557831830,
Shasmi Pet,Estelí,Nicaragua,50557951939,
Veterinaria Contreras,Estelí,Nicaragua,50584174557,
Medic Uniforme Esteli,Estelí,Nicaragua,50589439242,
Clinica Dental González,Estelí,Nicaragua,50557442294,
Clinica Dental Restaurando Sonrisas,Estelí,Nicaragua,50586535758,
Clínica Dental Familiar Dra Morena Vásquez Sandoval,Estelí,Nicaragua,50587357260,
Clínica Dental Sonrisas Para Mi Pueblo,Estelí,Nicaragua,50582114188,
Clínica Dental Sonrisas,Estelí,Nicaragua,50582114188,
Clínica Biodent,Estelí,Nicaragua,50586499208,Skipped
Clínica Dental Royal Dent,Estelí,Nicaragua,50586603138,
Clínica Dentisalud,Estelí,Nicaragua,50557224166,
Clinica Dental Espinoza,Estelí,Nicaragua,50583381005,
Clínica Dental Guadalupe,Estelí,Nicaragua,50584429231,
Dental Health Center Estelí,Estelí,Nicaragua,50584007267,
Clinica Dental Osorio,Estelí,Nicaragua,50582172382,
Clínica Dental Ebenezer,Estelí,Nicaragua,50584057504,
Dental Center,Estelí,Nicaragua,50555025083,
Duodent,Estelí,Nicaragua,50586239752,
Consultorio Odontomedico Esquipulas,Estelí,Nicaragua,50557251969,
Farmacia Y Clinica San Lucas,Estelí,Nicaragua,50585374844,
Floriandent,Estelí,Nicaragua,50583619880,
Clínica Medico Dental,Estelí,Nicaragua,50578195600,
Quiroz&quiroz Odontologia,Estelí,Nicaragua,50588432438,
Sonrisas Para Mi Pueblo,Estelí,Nicaragua,50585308386,
Clínica Dental Fe Y Familia,Estelí,Nicaragua,50586165169,
Clínica Odontomedica Meraki,Estelí,Nicaragua,50558399484,
Clínica Dental La Merced,Estelí,Nicaragua,50557329944,
Centro Dental Santa Apolonia,Estelí,Nicaragua,50588395988,
Clínica Dental Betanco,Estelí,Nicaragua,50582067330,Skipped
Vital Clínica De Medicina Oriental,Estelí,Nicaragua,50582218121,
Clinica Dental Roca,Estelí,Nicaragua,50558542542,
Clínica Dental Herrera Plasencia,Estelí,Nicaragua,50583394985,
Clínica Integral Selva,Estelí,Nicaragua,50589144014,Skipped
Clínica Dental San Antonio,Estelí,Nicaragua,50582370048,
Clínica Dental Castillo,Estelí,Nicaragua,50587326141,
Clínica Dental Cardoza,Estelí,Nicaragua,50584058690,
Clínica Dental Centeno Torres,Estelí,Nicaragua,50586151758,
Dental Reyes,Estelí,Nicaragua,50582263994,
Art Stetic Dental Clinic,Estelí,Nicaragua,50585204682,Skipped
Reyes Dental Center,Estelí,Nicaragua,50584263664,
Carrions Sport Fit,León,Nicaragua,50589751094,
Cross Fit Gym,León,Nicaragua,50589339129,Skipped
Ed Fitness Center,León,Nicaragua,50586677942,
Training Gym,León,Nicaragua,50578427717,
La Onda Fitness,León,Nicaragua,50588380701,
Olympus Gym,León,Nicaragua,50588762813,
Star Gym,León,Nicaragua,50582078064,
Materiales Y Servicios Eléctricos Roñac,Estelí,Nicaragua,50586042263,
Guido`s Electric,Estelí,Nicaragua,50585038439,
Materiales De Construcción Guadalupe,Tipitapa,Nicaragua,50576850276,Skipped
Ferretería Geovito,Tipitapa,Nicaragua,50581883637,
Ferretería Los Brothers,Tipitapa,Nicaragua,50578093669,Skipped
Ferretería La Económica,Tipitapa,Nicaragua,50583957136,
Clínica Veterinaria Happy Paws,Ciudad Sandino,Nicaragua,50585966186,
Masscotas Veterinaria,Ciudad Sandino,Nicaragua,50585602052,
Clínica Veterinaria Lassie,Ciudad Sandino,Nicaragua,50588988795,
Centro Veterinario Express,Ciudad Sandino,Nicaragua,50575045526,
Clinica Veterinaria Robles,Ciudad Sandino,Nicaragua,50585957637,
Veterinaria Isyeka,Ciudad Sandino,Nicaragua,50589566412,
Farmacia Y Clínica Veterinaria De Occidente,Ciudad Sandino,Nicaragua,50586355412,
Hospital Veterinario Especies,Ciudad Sandino,Nicaragua,50581196290,
Veterinaria Dogs House,Ciudad Sandino,Nicaragua,50587955364,
Veterinaria Mimos,Ciudad Sandino,Nicaragua,50582456052,
Veterinaria Rincon Animal,Ciudad Sandino,Nicaragua,50578493159,
Clinica Salud Animal,Ciudad Sandino,Nicaragua,50582417745,
Centro Médico Veterinario Zooland,Ciudad Sandino,Nicaragua,50584372139,
Clínica Veterinaria Pet Vet Care,Ciudad Sandino,Nicaragua,50577406383,
Veterinaria Valverde,Ciudad Sandino,Nicaragua,50583286708,
Clinica Veterinaria Najas,Ciudad Sandino,Nicaragua,50584722169,
Veterinaria Chavarría,Ciudad Sandino,Nicaragua,50589871835,
Centro Veterinaria Los Mimados Nic,Ciudad Sandino,Nicaragua,50586709002,
Clínica Veterinaria Vidanimal,Ciudad Sandino,Nicaragua,50557065430,
Veterinaria Mundo Animal,Ciudad Sandino,Nicaragua,50583844355,
Veterinaria Animal Planet,Ciudad Sandino,Nicaragua,50576755851,
Clinica Veterinaria Romero,Ciudad Sandino,Nicaragua,50588953498,
Clínica Veterinaria Instinto Animal,Ciudad Sandino,Nicaragua,50589929810,
Clínica Veterinaria Terranova,Ciudad Sandino,Nicaragua,50586941342,
Clinica Veterinaria Santé Animale,Ciudad Sandino,Nicaragua,50586778891,Skipped
Centro Veterinario Mundo Mascotas,Ciudad Sandino,Nicaragua,50588125590,Skipped
Clínica Veterinaria Santa Maria,Ciudad Sandino,Nicaragua,50582059271,
Hemervet,Ciudad Sandino,Nicaragua,50585939747,
Clinica Medica Veterinaria La Villa,Ciudad Sandino,Nicaragua,50588021114,
Consultorio Veterinario Dr Mendoza,Ciudad Sandino,Nicaragua,50589809005,
Centro Medico Veterinario Paw,Ciudad Sandino,Nicaragua,50577531909,Skipped
Blue Veterinaria & Petshop,Ciudad Sandino,Nicaragua,50584241701,
Centralvet Clinica Veterinaria,Ciudad Sandino,Nicaragua,50575310144,
El Shaddai,Ciudad Sandino,Nicaragua,50584741241,
Donaldo Soto Dermatologia Veterinaria,Ciudad Sandino,Nicaragua,50585700871,
Consultorio Veterinario Ohana,Ciudad Sandino,Nicaragua,50558159436,
Veterinaria Jardín,Ciudad Sandino,Nicaragua,50586225378,
Clínica Veterinaria Pet Land,Ciudad Sandino,Nicaragua,50589834037,
Veterinaria Génesis,Ciudad Sandino,Nicaragua,50585302906,
Safita,Ciudad Sandino,Nicaragua,50588782092,
Clinica Veterinaria Amigos,Ciudad Sandino,Nicaragua,50582809602,
Clínica Dental Avendaño - León,León,Nicaragua,50589282478,
Clinica Dental Sarria,León,Nicaragua,50588975213,
Clínica Dental Monte Cristo,León,Nicaragua,50588233926,
Servifrio Y Soluciones Múltiples,Managua,Nicaragua,50577306235,
Taller De Mecánica Y Aire Acondicionado,Managua,Nicaragua,50587996627,
Punto Frio,Managua,Nicaragua,50588864197,
Aires Acondicionados Frio Accesorios,Managua,Nicaragua,50586991392,
Taller Suazo Inyeccion Diesel,Managua,Nicaragua,50589139926,
Taller Aire Acondicionado Automotriz La Vicky,Managua,Nicaragua,50577921811,
Servicio De Aire Acondicionado En Managua,Managua,Nicaragua,50583878360,
Taller De Aire Acondicionado Max Deyvis,Managua,Nicaragua,50588147997,Skipped
Taller De Aire Acondicionado Automotriz Ac Frio North,Managua,Nicaragua,50557838991,
Frios De Sión,Managua,Nicaragua,50583975751,
Climatec Refrigeración Y Aire Acondicionado,Managua,Nicaragua,50583805911,
Frio Master,Managua,Nicaragua,50585920750,
Taller De Aire Acondicionado Automotriz Managua,Managua,Nicaragua,50578741616,
Frio Latin Auto,Managua,Nicaragua,50557031117,
Taller Las Sierritas De Santo Domingo,Managua,Nicaragua,50588545729,
Taller Monterrosa,Managua,Nicaragua,50587374894,
Feserdi Empresa De Aires Acondicionados,Managua,Nicaragua,50584814523,
Técnicos En Refrigeración,Managua,Nicaragua,50581892916,
Chace Automotriz,Managua,Nicaragua,50584768550,
Taller De Mecanica René Alvarado,Managua,Nicaragua,50588099321,
Servicio Automotriz Barberena,Managua,Nicaragua,50588851412,
Climatización Lopez Pupiro,Managua,Nicaragua,50585265436,
Frio Auto Air,Managua,Nicaragua,50577921811,
Servifreon,Managua,Nicaragua,50581243422,
Soluciones Mendoza,Managua,Nicaragua,50557132087,
Servicios Electricidad Y Climatizacion,Managua,Nicaragua,50584842570,
Taller Alemán,Managua,Nicaragua,50587875370,
Taller De Radiadores Multiservicios Urbina,Managua,Nicaragua,50582685158,
Taller Automotriz Tinoco,Managua,Nicaragua,50577020190,
Taller Sequeira,Managua,Nicaragua,50583704255,
Madrigal Service,Managua,Nicaragua,50588769440,
Taller De Cocina Rayo,Managua,Nicaragua,50587921622,
Tecnico Cruz,Managua,Nicaragua,50582881786,
Taller Automotriz Vallecillo,Managua,Nicaragua,50589959030,
Taller Dago,Managua,Nicaragua,50583888910,Skipped
Calma Nail Salon,Granada,Nicaragua,50588835165,
Sens Salon,Granada,Nicaragua,50582270767,
Sala De Belleza Ashley,Granada,Nicaragua,50584829322,
Fast Beauty Salon,Granada,Nicaragua,50581019361,
Kelchie Flowers,Granada,Nicaragua,50582375954,
Barbería De La Rocha,Granada,Nicaragua,50582594173,
Hilda Salon,Granada,Nicaragua,50581505730,
Gimnasio Adrenalina,Masaya,Nicaragua,50576278803,
Coleman Gym,Masaya,Nicaragua,50581379601,
Total Gym,Masaya,Nicaragua,50587012602,Skipped
Cosmos Training Center,Masaya,Nicaragua,50583307177,
Fitness Club Masaya,Masaya,Nicaragua,50581749130,
Uriel Power Gym,Masaya,Nicaragua,50578255733,
Lit Fit Masaya Gym,Masaya,Nicaragua,50577815029,
Strong Gym,Masaya,Nicaragua,50583208198,Skipped
Centro Deportivo Excelsior,Masaya,Nicaragua,50575298847,
Ferreteria La Grapa,Managua,Nicaragua,50557935800,
Titos Accesorios,Masaya,Nicaragua,50581476326,
Cocinas Industriales Esteli,Estelí,Nicaragua,50586235589,
Equipos Industriales Diaz,Estelí,Nicaragua,50576839884,
Amelié Beauty Studio,León,Nicaragua,50555012840,
Allegra´s Beauty Studio,León,Nicaragua,50582808716,
Miss Salón,León,Nicaragua,50588488662,
Ruiz Salon,León,Nicaragua,50577774595,
Perlas Salon,León,Nicaragua,50582045905,
Salón De Belleza Nerea,León,Nicaragua,50578301701,
Víctor Salón,León,Nicaragua,50589100860,
Lesther Salon,León,Nicaragua,50586387981,Skipped
Ana Salón,León,Nicaragua,50583683414,
Veronica Salon,León,Nicaragua,50584905679,
House Nails Leon,León,Nicaragua,50558651190,
Henry Picado Salón,León,Nicaragua,50586175452,
Quiropies Salgado,León,Nicaragua,50557223803,
Dolce Atelier,León,Nicaragua,50557904507,
Cutiecoolpretty,León,Nicaragua,50588032929,
Jacky Salón,León,Nicaragua,50581823190,Skipped
Lari Beauty Nails,León,Nicaragua,50588557931,
Bmc Salón De Belleza,León,Nicaragua,50584004053,Skipped
Nail Glow,León,Nicaragua,50585388582,
Salon De Belleza Yesenia,León,Nicaragua,50583236054,
Monse Nails Studio,León,Nicaragua,50557512055,
Sisella Studio,León,Nicaragua,50585140436,Skipped
Blush Salon,León,Nicaragua,50557771119,
Samara Nails,León,Nicaragua,50557739175,
Amayas Room,León,Nicaragua,50558175371,
Glamorous Studio,León,Nicaragua,50585672292,
Sala De Belleza Liss,León,Nicaragua,50577761707,Skipped
Make Up Perla Reminntthón,León,Nicaragua,50584251544,
Kati Acrylic Nails,León,Nicaragua,50588114299,
Karmar,León,Nicaragua,50583907738,
Shiny Hair Beauty Salon And Barber Shop,León,Nicaragua,50581333012,
Kiajosnails,León,Nicaragua,50588478998,
El Studio De Gaby,León,Nicaragua,50577061098,
Nails By Shanthall,León,Nicaragua,50558071876,
Trenzaslyhas,León,Nicaragua,50586361018,
Renovarte Clínica Estética,León,Nicaragua,50577685643,
L Acrylic Nails,León,Nicaragua,50581894139,Skipped
Manicure Y Pedicure Brithany,León,Nicaragua,50558729801,
Marbely Salón,León,Nicaragua,50588480594,
Musas Manos Y Pies,León,Nicaragua,50582297451,
Destyle Hair,León,Nicaragua,50578304211,
Uñas Acrílicas Lulús Acrinails,León,Nicaragua,50583640607,
Farfalla Nails,León,Nicaragua,50575088389,
Arts Nails Elly,León,Nicaragua,50585042325,
Meganbelleza,León,Nicaragua,50581217830,
Chic Nails,León,Nicaragua,50588382837,Skipped
Diamond Acrylics Nails,León,Nicaragua,50583252513,
Adictas By Xochilt Imara Nail Artist,León,Nicaragua,50586771830,
Rouss Nails,León,Nicaragua,50588230864,
Esmeraldas Nails,León,Nicaragua,50584145134,
Eldi Ramirez Beauty Salón,León,Nicaragua,50583525808,
Luci Nail,León,Nicaragua,50575058353,
Estudio Malimola,León,Nicaragua,50558479279,
Yadercell,Ciudad Sandino,Nicaragua,50575079740,
Cell Lab Electronics,Ciudad Sandino,Nicaragua,50582467477,
Taller M&jcompucel,Ciudad Sandino,Nicaragua,50558382870,
One Piece Fix,Ciudad Sandino,Nicaragua,50582200389,
Dominic Cell,Ciudad Sandino,Nicaragua,50581071008,
Darielys Cell Móviles,Ciudad Sandino,Nicaragua,50586892573,
Dh Móvil Bello Amanecer,Ciudad Sandino,Nicaragua,50577703530,
Gata Cell,Ciudad Sandino,Nicaragua,50558828700,
Jm Cell,Ciudad Sandino,Nicaragua,50587278598,
Servicel Ciudad Sandino,Ciudad Sandino,Nicaragua,50577661866,
Dylan Cell,Ciudad Sandino,Nicaragua,50581659091,
Joshua Cell,Ciudad Sandino,Nicaragua,50585649151,
Kevtech Solutions,Ciudad Sandino,Nicaragua,50587611668,
Sánchez Cell,Ciudad Sandino,Nicaragua,50557868135,
Tienda Doncell Ciudad Sandino,Ciudad Sandino,Nicaragua,50586831724,
Tienda Doncell,Ciudad Sandino,Nicaragua,50586831724,
Cell Care,Ciudad Sandino,Nicaragua,50583811235,
Reparación Y Mantenimiento De Celulares Gr,Ciudad Sandino,Nicaragua,50588640643,Skipped
Reparaciones De Celulares Marcel,Ciudad Sandino,Nicaragua,50582769132,
Taller Celulares M&s,Ciudad Sandino,Nicaragua,50589767854,
Cyg Reparaciones,Ciudad Sandino,Nicaragua,50581460505,Skipped
Quickcompucel,Ciudad Sandino,Nicaragua,50557794184,
Cellpoint,Ciudad Sandino,Nicaragua,50577686565,Skipped
Ecocell,Ciudad Sandino,Nicaragua,50557153489,
Lightning Cell,Ciudad Sandino,Nicaragua,50584176059,
Androiphone Tecnology,Ciudad Sandino,Nicaragua,50589754020,
Tech Center,Ciudad Sandino,Nicaragua,50581415609,
Repcel Taller De Reparación De Celulares,Ciudad Sandino,Nicaragua,50588202000,
Talleres De Celulares El Guapo,Ciudad Sandino,Nicaragua,50589894435,
Cell Soluciones,Ciudad Sandino,Nicaragua,50577176152,
Jujoescocell,Ciudad Sandino,Nicaragua,50587758273,
Reparaciones Eithan,Ciudad Sandino,Nicaragua,50589743025,
Ingenieria Celular,Ciudad Sandino,Nicaragua,50588882222,
Tecno Soluciones,Ciudad Sandino,Nicaragua,50578913339,Skipped
D-technologies,Ciudad Sandino,Nicaragua,50578648975,
Tallercel By Kasako,Ciudad Sandino,Nicaragua,50588345574,
Birman Celular,Ciudad Sandino,Nicaragua,50558334235,
Hellmarj Celulares Y Accesorios,Ciudad Sandino,Nicaragua,50587018706,
Brocell Reparaciones,Ciudad Sandino,Nicaragua,50584941642,
Cell Fix,Ciudad Sandino,Nicaragua,50588091203,
Maxmovil,Ciudad Sandino,Nicaragua,50585855031,
Display Celular,Ciudad Sandino,Nicaragua,50586472499,
Fix And Parts,Ciudad Sandino,Nicaragua,50587154920,
Oro Nica Cell,Ciudad Sandino,Nicaragua,50589769700,
Vibrass Store&fix,Ciudad Sandino,Nicaragua,50578387747,
Reparaciones Torres,Ciudad Sandino,Nicaragua,50588237837,
Cellrepair,Ciudad Sandino,Nicaragua,50585895469,
Repatacel,Ciudad Sandino,Nicaragua,50588102362,
Sos Celular,Ciudad Sandino,Nicaragua,50584502080,Skipped
Santana Solutions,Ciudad Sandino,Nicaragua,50576094982,
Mono,Ciudad Sandino,Nicaragua,50582623838,Skipped
Dactech,Ciudad Sandino,Nicaragua,50584947901,
Mundo Móvil,Ciudad Sandino,Nicaragua,50576427882,
Especialidades Odontologicas Dra Maryerling Narvaez,León,Nicaragua,50585779332,Skipped
Clínica Dental León García,León,Nicaragua,50586966789,Skipped
Clínica Dental Milagros,León,Nicaragua,50583805637,Skipped
Clínica Dental San Judas Tadeo,León,Nicaragua,50585140095,Skipped
Dental Esthetic Leon,León,Nicaragua,50589827762,Skipped
Clínica Dental Solisdent,León,Nicaragua,50583713407,
Clinica De Especialidades Santisima Trinidad,León,Nicaragua,50557407362,
Dcasa - Clínica Odontológica,León,Nicaragua,50576161795,
Clinica Dental Integral,León,Nicaragua,50588239715,
Dra Isayana Sarria,León,Nicaragua,50584605651,
Clínica Dental Videl,León,Nicaragua,50558507806,
Luxe Dental Clinic,Managua,Nicaragua,50587517175,
Clinica Dental Espiritu Santo,Managua,Nicaragua,50588511673,
Estética Dental Integra,Managua,Nicaragua,50588734441,
Clinica Dental Healthy Smiles,Managua,Nicaragua,50575398757,
Clínica Inboca,Managua,Nicaragua,50589884294,
Ortho Xp,Managua,Nicaragua,50585577022,
Moto Repuestos Gustavo,Granada,Nicaragua,50576399024,
Repuestos Dario Hondoy,Granada,Nicaragua,50588865330,
Moto Repuesto Genesis,Tipitapa,Nicaragua,50587656506,
Multiservicios Ar-yus,Tipitapa,Nicaragua,50581635023,
Repuestos Masaya Motor,Tipitapa,Nicaragua,50587184744,
Moto Repuesto Jehova Renuevame,Tipitapa,Nicaragua,50586649543,
Moto Repuestos Ep,Tipitapa,Nicaragua,50587097138,
Moto Repuestos El Chino,Tipitapa,Nicaragua,50587022843,
Moto Repuestos Jaredson,Tipitapa,Nicaragua,50557210558,
Moto Respuestos Vargas,Tipitapa,Nicaragua,50581171225,
Rpm Auto Accesorios,Tipitapa,Nicaragua,50589882661,
Taller Y Venta De Repuestos El Pelón Ticuantepe,Tipitapa,Nicaragua,50581171738,Skipped
Repuestos De Moto Y Lubricantes Príncipe De Paz,Tipitapa,Nicaragua,50557752481,
Biker-car Repuestos,Tipitapa,Nicaragua,50577704766,
Moto Repuestos Robelo,Tipitapa,Nicaragua,50582816627,
Total Moto,Tipitapa,Nicaragua,50578724126,
Moto Repuestos Ebenezer,Tipitapa,Nicaragua,50585209155,
Motorepuestos Y Accesorios Villegas,Tipitapa,Nicaragua,50582776892,
Repuestos Total,Tipitapa,Nicaragua,50587336564,
Moto Repuestos Reyes,Tipitapa,Nicaragua,50581837267,
Repuesto El Torito Quintero,Tipitapa,Nicaragua,50577779451,
Moto Guerrero,Tipitapa,Nicaragua,50586788326,
Motorepuestos Y Taller El 12,Tipitapa,Nicaragua,50586695652,
Master Repuestos,Tipitapa,Nicaragua,50558546067,
Tomani Autopartes,Tipitapa,Nicaragua,50589426484,
Venta De Repuestos Moto Express,Tipitapa,Nicaragua,50586043910,
Lubricantes Mairena,Tipitapa,Nicaragua,50584649142,
Rg Construye,Tipitapa,Nicaragua,50557686101,
Flexiautos,Tipitapa,Nicaragua,50587964224,Skipped
Moto Respuesto Y Taller El Peludo,Tipitapa,Nicaragua,50577682669,
Motos Repuestos Emanuel,Tipitapa,Nicaragua,50557121908,
Moto Repuestos El Negro,Tipitapa,Nicaragua,50582313101,
Repuestos De Moto González,Tipitapa,Nicaragua,50577131290,
Celular Game Center,Masaya,Nicaragua,50582558042,
Pandatech,Masaya,Nicaragua,50588086663,
El Oferton,Masaya,Nicaragua,50583218528,
Aps Accesorios,Masaya,Nicaragua,50589848318,
Ferreteria Las Gemelas,Granada,Nicaragua,50581824002,
Los Más Buscados En Tecnología,Tipitapa,Nicaragua,50576481395,
Enow English Academy,Chinandega,Nicaragua,50585424832,
Conversa By Talent Cloud,Chinandega,Nicaragua,50586796379,
Conceptions Academy,Ciudad Sandino,Nicaragua,50587773828,
English Now,Ciudad Sandino,Nicaragua,50576390266,
Servex Education Esteli,Estelí,Nicaragua,50558189978,
Tisey - English School,Estelí,Nicaragua,50578260321,Skipped
Prime English Center,Jinotega,Nicaragua,50589395737,Skipped
May Education,Jinotega,Nicaragua,50558440726,
Learning English Aloud,León,Nicaragua,50588113070,
Canadian School Of English,Diriamba,Nicaragua,50583286298,
English In My Mind,Masaya,Nicaragua,50587782836,
Academia De Ciencias Comerciales,Masaya,Nicaragua,50585260220,
Kids English Lab,Masaya,Nicaragua,50577981389,
Escuela De Inglés Amigos,Masaya,Nicaragua,50583734280,
English Language School - Matagalpa,Matagalpa,Nicaragua,50583806424,
Mundo Linguistico,Matagalpa,Nicaragua,50585097082,
El Tallercito By Catastrophunk,Matagalpa,Nicaragua,50583559398,
English Learning Zone,Managua,Nicaragua,50586639374,Skipped
Speak Clear Course,Managua,Nicaragua,50584810605,
Global Journey - Agencia De Viajes,Ciudad Sandino,Nicaragua,50584280334,
Castellon Travel,Ciudad Sandino,Nicaragua,50578264580,
Gira Nica,Diriamba,Nicaragua,50589008937,Skipped
Medal Travels,Diriamba,Nicaragua,50576878583,
Communicative English Academy,Tipitapa,Nicaragua,50577904433,
Dca Academia De Inglés,Tipitapa,Nicaragua,50577552244,
Centro De Estudios Computarizados Nicaraguenses Cecnic,Tipitapa,Nicaragua,50576347182,
Los Grandes Del Barrio,Tipitapa,Nicaragua,50577755897,
Viajes Paraiso,Chinandega,Nicaragua,50588156039,
Multi Tours,Jinotepe,Nicaragua,50582374712,
Agencia De Viajes Del Rey Dhl Jinotega,Jinotega,Nicaragua,50586122988,
Del Rey Agencia De Viajes,Jinotega,Nicaragua,50583665028,
Gimnasio Pauls Desing,Boaco,Nicaragua,50588248241,
Tattooarte Kayka Studio,Boaco,Nicaragua,50588541495,
Mariana Travels,Tipitapa,Nicaragua,50576866215,
Alquiler De Buses Para Viajes En Tipitapa,Tipitapa,Nicaragua,50586791886,
Transporte Acevedo & Rent A Car,Tipitapa,Nicaragua,50582060582,
Montalvan Karate Do,Chinandega,Nicaragua,50576272982,
Casa Xalteva - Spanish School,Granada,Nicaragua,50584857947,
Macua Tours,Rivas,Nicaragua,50514752316308,
Transporte Turístico Victor,Rivas,Nicaragua,50583365257,
Pacific Tours Transportation,Rivas,Nicaragua,50589181935,
Traveliving Agencia De Viajes,Rivas,Nicaragua,50577886539,
Escuela De Artes Marciales Little Dojo,Diriamba,Nicaragua,50589120008,
Flexfitness Diriamba,Diriamba,Nicaragua,50585416847,
Academia Tiffer Peña,Diriamba,Nicaragua,50557166631,Skipped
Academia Judo Club Estelí,Estelí,Nicaragua,50557949041,Skipped
Boxing Club Har Box Estelí,Estelí,Nicaragua,50585051232,Skipped
Academia Va Taekwondo Esteli,Estelí,Nicaragua,50588550625,Skipped
Golds Gym Estelí,Estelí,Nicaragua,50586412373,
Agencia De Viajes Maria Jose,León,Nicaragua,50587127240,
Escuela Koshi Kan - Karate Do,Granada,Nicaragua,50589244308,
Escuela Municipal De Karate Do Alcisa - Bello Amanecer,Ciudad Sandino,Nicaragua,50577342122,
Taekwondo Sijakgwa Ggeut San Andrés,Ciudad Sandino,Nicaragua,50589234289,
Academia Alfa Y Omega Mma,Ciudad Sandino,Nicaragua,50588992849,
Il Shim Taekwondo - Monseñor Lezcano,Ciudad Sandino,Nicaragua,50586085323,
Escuela De Karate Do Kime Unan-managua,Ciudad Sandino,Nicaragua,50586728511,
Dragones Master Academia De Taekwon-do Itf,Ciudad Sandino,Nicaragua,50588883129,
Do-training,Ciudad Sandino,Nicaragua,50575212393,
Stronger Gym,Jinotega,Nicaragua,50584227244,
Academia De Taekwondo Musun Chontales,Juigalpa,Nicaragua,50582723516,
Gimnasio Alexis Arguello,Juigalpa,Nicaragua,50581469158,
Choi Taekwondo,Masaya,Nicaragua,50588774457,
Taekwondo Impacto,Matagalpa,Nicaragua,50557360058,
Academia De Taekwondo Hi-chi,Matagalpa,Nicaragua,50586117065,
Servi Vuelos - Matagalpa,Matagalpa,Nicaragua,50584069140,
Gym Shark,Managua,Nicaragua,50557403554,
Arte Suave Bjj,Managua,Nicaragua,50575395819,
Adulam Mma,Managua,Nicaragua,50581997660,
Taekwondo Impacto Centro,Managua,Nicaragua,50588535091,
Yusan Black Belt Tkd,Managua,Nicaragua,50583707012,
Gimasio De Boxeo Luis Videa,Somoto,Nicaragua,50582105112,
Centro Recreativo Nagarote,Nagarote,Nicaragua,50589825754,
Academia De Karate Do León,Nagarote,Nicaragua,50578759603,
Jose Cristobal Juarez Espinoza,Nagarote,Nicaragua,50587332797,
Rgboxing Gym,Nagarote,Nicaragua,50581690305,
Academia De Karate Do Senshi Dake,Nagarote,Nicaragua,50585069359,
Fundación Kotóbuki,Nagarote,Nicaragua,50588308106,
Moju Fight Rivas,Rivas,Nicaragua,50587416852,
Tienda Jr,Boaco,Nicaragua,50586952804,
Autorepuestos Galiano,Diriamba,Nicaragua,50588346057,
Servirepuestos Uma Diriangen,Diriamba,Nicaragua,50578793862,
Repuestos Villalobos,Chinandega,Nicaragua,50588801276,
Auto Repuestos El Gato,Chinandega,Nicaragua,50583733886,
Repuestos López S,Jinotepe,Nicaragua,50557375315,
Repuestos La Biela,Jinotega,Nicaragua,50586690991,
Repuestos Jinotega,Jinotega,Nicaragua,50558832970,
Jehova Jireh Motorepuesto,Granada,Nicaragua,50578153124,
Gr Autopartes,Ciudad Sandino,Nicaragua,50586858177,
Auto Repuestos Medina Ticuantepe,Managua,Nicaragua,50589641374,
Auto Repuestos Electricos El Rey,Rivas,Nicaragua,50582351993,
Casa Automotriz Sa,Rivas,Nicaragua,50586125293,
Mz Repuestos,Nagarote,Nicaragua,50586685304,
Motorepuestos Nagarote,Nagarote,Nicaragua,50578134418,
Multiservicios Wallie,Nagarote,Nicaragua,50583686203,
Auto Partes Somoto,Somoto,Nicaragua,50586421366,
Emperor Barber Studio,Chinandega,Nicaragua,50585231988,
Saldaña Barbershop Studio,Chinandega,Nicaragua,50582980601,
Barberia Las Gradas,Chinandega,Nicaragua,50577138921,
La Barbería De Diego,Chinandega,Nicaragua,50585766422,Failed
Barberia Norlan,Ciudad Sandino,Nicaragua,50576699355,
Hernández Barbershop,Ciudad Sandino,Nicaragua,50557051679,
Barberia Rock,Ciudad Sandino,Nicaragua,50586437641,
Repuestos De Motos Y Carros,Ocotal,Nicaragua,50583564657,
Autopartes S&l,Ocotal,Nicaragua,50586663788,
100% Auto Repuestos Canales,Ocotal,Nicaragua,50558037009,
Repuestos Hugo,Ocotal,Nicaragua,50584113280,
Auto Repuestos San José,Ocotal,Nicaragua,50589395224,
Autopartes La Tuna,Ocotal,Nicaragua,50588262625,
Motos Y Repuestos Escobar,Ocotal,Nicaragua,50584229496,
Venta De Accesorios Varios El Gato Ruso,Ocotal,Nicaragua,50588252203,
La Barbería De Nata,Estelí,Nicaragua,50589418432,Failed
Academia Y Bárberia El Negro Esteli,Estelí,Nicaragua,50584290320,
Albert Cuts-barber Studio,Estelí,Nicaragua,50558437769,
Exclusive03 Barber Shop,Estelí,Nicaragua,50557776288,
Barberia Oswaldo,Estelí,Nicaragua,50589059358,
Barbershop Memo,Diriamba,Nicaragua,50584510596,
Elegant Style Barber Studio,Diriamba,Nicaragua,50557262588,
Dr Barber Studio,Diriamba,Nicaragua,50587533717,
Barberia La Colocho,Diriamba,Nicaragua,50585095757,
Barberia Jimmy,Diriamba,Nicaragua,50581077783,
Barbería Diriangén,Diriamba,Nicaragua,50588439710,
Barberia Vip,Diriamba,Nicaragua,50557148389,
Barber Shop Jh,Diriamba,Nicaragua,50558258699,
Estilo Urbano Barbershop,Granada,Nicaragua,50583832207,
Barberia Caságu,Granada,Nicaragua,50588772137,
Jacks Barbershop,Granada,Nicaragua,50589517180,
Barbería Morales,Granada,Nicaragua,50583935589,
Barberia Hurtado,Granada,Nicaragua,50585661456,
Thiago Barbershop,Granada,Nicaragua,50583369517,
Barberia Hollywood,Granada,Nicaragua,50589523941,Failed
Cedeños Barber,Jinotepe,Nicaragua,50584349858,
Black Barber Studio & Salón,Jinotepe,Nicaragua,50585374920,
Barberia El Niño,Jinotepe,Nicaragua,50586397509,
Barberia El Estilo,Jinotepe,Nicaragua,50583273267,
Barber Studio Servicio Premium,Boaco,Nicaragua,50589079768,
Changay Barber,León,Nicaragua,50558579348,
Barberia Zohan,Juigalpa,Nicaragua,50585246258,
Ydc Barber Shop,Juigalpa,Nicaragua,50557881336,
Barber Shop Legends,Juigalpa,Nicaragua,50557153877,
Meléndez Barbershop,Juigalpa,Nicaragua,50558533104,
Glamour Hair Salón Vip,Juigalpa,Nicaragua,50588250993,
Barbería Universal Matagalpa,Matagalpa,Nicaragua,50583687019,
Barbería Villarreal,Matagalpa,Nicaragua,50586324263,
Barberia El Chele Chavarria,Matagalpa,Nicaragua,50586129297,
Barberia Enmanuel,Ocotal,Nicaragua,50588410285,
Barbera Estudio Vip,Nagarote,Nicaragua,50558122479,
Luxury Barbers,Masaya,Nicaragua,50557473987,
La Barberia,Masaya,Nicaragua,50585482197,
Geh Barberia,Masaya,Nicaragua,50557917487,
Kevin Barber,Masaya,Nicaragua,50581455442,
La Barber,Masaya,Nicaragua,50587668020,Failed
Andybarbershop,Masaya,Nicaragua,50587164323,
Diosko´s Barbershop,Jinotega,Nicaragua,50585119560,
Barberia El Amigo,Jinotega,Nicaragua,50557497067,
Barbería Yeshua,Jinotega,Nicaragua,50586683826,
New Era Barbershop,Jinotega,Nicaragua,50582374482,
Barberia El Barba,Jinotega,Nicaragua,50578403920,
Piky32 Barbershop,Jinotega,Nicaragua,50586594828,
La Tienda Del Celular,Managua,Nicaragua,50576495527